24.1,250.39,697.56,57.28
99.2,255.94,80.34,69.46
111.3,255.09,71.63,66.20
109.0,257.81,73.07,66.70
101.4,256.80,68.67,61.65
92.1,260.22,64.84,59.60
124.1,257.55,64.11,57.76
107.1,260.22,65.01,58.07
92.2,257.55,64.77,58.33
107.2,261.11,65.06,58.60
106.7,258.44,65.25,59.38
108.9,261.11,64.02,58.12
108.5,258.44,64.17,57.93
105.7,261.11,65.97,59.79
93.4,258.44,63.88,58.31
124.8,261.11,63.80,58.08
91.3,258.44,65.44,59.20
94.8,261.53,62.90,56.98
108.8,258.86,63.95,57.46
107.9,261.53,64.52,57.82
123.5,258.88,64.44,57.30
90.0,261.55,66.42,59.71
106.8,258.88,65.15,59.27
108.5,261.55,64.12,57.54
89.5,258.88,66.64,57.91
54.0,261.55,147.59,123.86
102.4,258.88,77.51,60.51
106.4,261.55,65.35,58.32
110.4,258.88,63.11,57.67
92.0,261.55,64.89,58.63
106.7,258.89,65.22,58.34
109.0,261.56,63.92,57.66
90.5,258.89,66.05,60.82
107.9,261.56,64.52,57.90
123.5,258.91,64.47,58.96
93.8,261.59,63.70,58.09
123.8,258.92,64.29,57.76
92.6,261.59,64.47,58.35
93.3,259.17,63.89,57.99
124.7,261.84,63.78,58.05
104.2,259.17,66.83,60.85
91.8,261.84,65.08,59.83
106.2,259.17,65.60,59.09
123.1,261.84,64.73,58.60
93.5,259.17,63.84,58.58
108.2,261.84,64.44,58.81
108.6,259.17,64.05,57.70
110.1,261.84,63.18,56.57
92.5,259.17,64.51,58.03
108.8,261.84,64.06,58.65
108.1,259.17,64.40,58.07
106.3,261.84,65.47,57.81
103.3,259.17,77.13,69.87
105.0,261.84,66.39,59.74
107.6,259.17,64.66,57.94
108.9,261.84,63.88,57.43
94.3,259.17,63.34,57.51
122.2,261.84,65.20,59.15
92.4,259.17,64.58,57.98
106.6,261.84,65.42,58.60
92.5,259.17,64.55,57.27
118.4,261.84,67.30,58.07
89.4,259.17,66.77,58.62
104.6,261.84,66.63,57.42
106.1,259.17,65.62,57.98
108.4,261.84,64.20,58.58
93.6,259.17,63.80,57.69
108.8,261.84,64.02,58.52
108.3,259.17,64.26,58.13
110.1,261.84,63.13,57.43
90.6,259.17,65.83,59.90
108.5,261.84,64.17,58.52
104.8,259.17,66.53,61.25
109.3,261.84,63.65,57.96
107.7,259.17,64.67,58.60
124.7,261.84,63.91,58.44
92.5,259.17,64.52,58.34
124.7,261.84,63.86,58.63
107.3,259.17,64.87,58.64
94.0,261.84,63.49,58.22
93.0,259.17,64.22,57.54
109.0,261.84,63.97,58.84
123.4,259.17,64.50,58.15
93.5,261.84,63.98,58.67
107.2,259.17,65.04,59.45
108.9,261.84,63.92,57.22
106.6,259.17,65.28,58.58
108.2,261.84,64.29,57.76
107.5,259.17,64.81,58.57
105.9,261.84,65.86,59.79
106.0,259.17,65.75,59.53
105.8,261.84,65.91,59.82
106.4,259.17,65.49,58.94
90.2,261.84,66.29,60.10
122.5,259.17,64.97,58.60
106.6,261.84,65.40,59.15
91.2,259.17,65.44,59.04
108.3,261.84,64.34,57.79
118.3,259.17,67.35,60.78
110.6,261.84,63.00,57.32
107.3,259.17,64.93,59.36
92.8,261.86,64.29,58.35
122.0,259.19,65.17,59.37
109.3,261.86,63.71,57.98
105.7,259.19,65.97,60.72
108.5,261.86,64.12,58.46
91.0,259.19,65.62,59.37
106.0,261.86,65.78,59.42
108.7,259.19,64.05,56.91
108.0,261.86,64.54,59.24
94.1,259.19,63.38,57.67
109.5,261.88,63.53,57.90
122.4,259.20,64.96,59.01
93.7,261.88,63.72,58.04
105.8,259.20,65.90,60.56
110.4,261.88,63.03,57.42
104.7,259.20,66.49,59.89
109.9,261.88,63.36,57.41
107.0,259.20,65.14,59.65
109.7,261.88,63.38,57.25
107.9,259.20,64.46,58.55
93.5,261.89,63.77,57.96
107.8,259.22,64.61,58.44
123.1,261.89,64.75,59.62
92.1,259.22,64.81,57.96
106.9,261.89,65.23,58.89
95.4,259.22,62.54,56.78
124.5,261.91,63.81,56.44
89.0,259.23,67.06,58.29
104.8,261.91,66.41,57.92
91.0,259.23,76.60,68.32
117.0,261.91,76.70,71.20
110.6,259.23,72.06,66.25
106.0,261.91,65.77,60.57
93.0,259.23,64.19,58.36
106.6,261.91,65.41,58.92
117.8,259.23,67.51,61.33
97.1,261.91,71.76,66.10
107.3,259.23,64.99,59.74
107.9,261.91,64.57,58.79
107.0,259.23,65.18,59.86
92.2,261.91,64.75,58.84
124.4,259.23,64.04,58.65
92.9,261.91,64.28,57.91
122.7,259.48,64.93,59.21
92.7,262.16,64.27,58.35
120.6,259.48,65.98,59.14
90.1,262.16,66.31,60.02
107.8,259.48,64.55,57.91
108.9,262.16,63.95,58.18
108.1,259.48,64.51,59.03
108.0,262.16,64.49,58.77
110.8,259.48,62.69,56.97
91.8,262.16,64.99,57.44
106.9,259.48,65.11,56.69
101.0,262.16,69.04,58.77
91.3,259.48,65.35,56.78
117.3,262.16,67.88,58.89
89.6,259.48,66.69,58.70
108.8,262.16,63.99,57.25
88.7,259.48,67.32,56.80
106.1,262.16,65.60,57.42
103.2,259.48,67.56,58.47
105.8,262.16,65.81,58.00
89.1,259.48,67.07,58.35
105.0,262.16,66.29,58.10
104.8,259.48,66.57,57.07
103.1,262.16,67.66,58.11
92.4,259.48,64.57,57.08
100.7,262.16,69.31,57.99
106.8,259.48,65.28,58.89
90.5,262.16,65.97,58.62
105.7,259.48,65.96,57.94
101.1,262.16,68.88,58.40
108.3,259.48,64.40,58.15
87.5,262.16,68.29,58.72
108.1,259.48,64.35,56.86
103.6,262.16,67.21,58.31
105.1,259.48,66.26,57.47
90.6,262.16,65.88,58.45
105.3,259.48,66.22,57.97
106.1,262.16,65.67,57.47
88.3,259.48,67.71,57.33
116.5,262.16,68.42,60.63
93.3,259.48,63.96,56.95
101.7,262.16,68.55,59.98
109.1,259.48,63.82,56.63
100.9,262.16,69.15,59.12
92.0,259.48,64.97,58.01
104.5,262.16,66.67,58.70
104.1,259.48,66.99,57.79
87.8,262.16,67.97,60.39
109.5,259.48,63.62,57.88
103.2,262.16,67.48,58.34
88.9,259.48,67.28,58.43
102.6,262.16,67.94,60.79
109.1,259.48,63.78,57.24
100.8,262.16,69.07,61.41
107.3,259.48,64.91,59.38
106.0,262.16,65.71,58.48
101.7,259.48,68.59,58.00
91.7,262.16,65.12,59.09
119.3,259.48,66.80,58.95
104.9,262.16,66.43,58.83
90.4,259.48,66.11,58.38
90.3,262.16,66.08,58.59
117.0,259.48,68.17,58.61
90.0,262.16,66.39,59.64
107.0,259.48,74.39,67.81
118.1,262.16,67.43,61.60
110.1,259.48,63.17,57.39
109.2,262.16,63.73,57.63
109.2,259.48,63.77,57.93
92.9,262.16,64.28,57.90
104.0,259.50,67.00,58.45
105.8,262.17,65.81,58.14
100.6,259.50,69.35,59.42
90.1,262.17,66.32,60.43
122.6,259.50,64.94,58.15
88.7,262.17,67.36,60.01
108.1,259.50,64.42,57.64
101.7,262.17,68.64,60.95
107.4,259.50,64.81,59.37
91.4,262.17,65.28,57.37
101.7,259.50,68.57,59.31
107.7,262.17,64.67,57.75
86.9,259.50,68.81,59.99
117.2,262.17,67.90,58.01
105.0,259.50,66.40,59.99
91.6,262.19,64.91,58.41
107.7,259.52,64.66,57.68
87.4,262.19,68.43,60.19
107.5,259.52,64.78,57.84
102.0,262.19,68.36,59.70
107.2,259.52,64.98,57.88
105.2,262.19,66.24,59.29
105.2,259.52,66.25,58.76
108.7,262.19,64.14,58.25
92.0,259.52,64.91,57.96
120.8,262.19,65.94,58.81
90.9,259.52,65.64,58.27
107.5,262.19,64.89,58.67
93.9,259.52,63.60,56.87
122.3,262.19,65.20,58.98
108.1,259.52,64.29,57.52
92.4,262.19,64.58,57.82
124.8,259.52,63.81,57.75
90.4,262.19,66.16,60.91
108.3,259.52,64.28,58.46
90.0,262.22,66.36,58.50
119.1,259.55,66.92,60.57
108.3,262.22,64.33,57.67
104.0,259.55,67.05,60.59
90.5,262.22,65.97,58.01
122.7,259.55,64.95,59.18
108.4,262.22,64.29,57.45
105.2,259.55,66.30,59.79
95.3,262.22,62.34,56.72
106.1,259.55,65.55,56.41
89.2,262.22,66.95,57.55
102.4,259.55,68.04,57.20
92.8,262.22,64.33,57.35
101.8,259.55,68.46,57.83
91.8,262.22,64.94,57.56
107.8,259.55,64.60,56.49
114.8,262.22,69.33,58.66
91.5,259.55,65.20,57.48
105.4,262.22,65.98,57.72
103.3,259.55,67.43,57.72
88.7,262.22,67.43,57.53
103.2,259.55,67.54,58.69
108.9,262.22,63.98,57.77
102.9,259.55,67.78,59.16
105.9,262.22,65.78,58.43
104.1,259.55,66.94,57.94
92.0,262.22,64.83,57.47
102.8,259.55,67.82,58.93
105.7,262.22,65.86,58.28
103.3,259.55,67.48,58.79
107.2,262.22,65.01,57.80
88.1,259.55,67.83,58.14
106.7,262.22,65.31,57.97
103.0,259.55,67.70,59.20
107.7,262.22,64.59,57.25
87.2,259.55,68.44,58.57
115.3,262.22,77.83,69.60
91.6,259.55,76.18,69.82
113.3,262.22,70.34,64.23
106.0,259.55,65.69,59.13
106.1,262.22,65.73,59.67
91.6,259.55,65.18,58.98
123.9,262.22,64.32,58.19
107.6,259.55,64.70,59.16
109.2,262.22,63.86,58.33
91.3,259.55,65.41,58.63
109.7,262.22,63.57,58.18
108.8,259.55,63.97,57.65
104.6,262.22,66.46,59.24
106.7,259.55,65.25,58.45
94.2,262.22,63.33,57.39
122.9,259.55,64.85,59.13
92.9,262.22,64.03,57.82
106.7,259.55,65.27,57.53
105.4,262.22,66.18,57.19
90.6,259.55,65.92,58.60
103.4,262.22,67.42,58.21
106.0,259.55,65.75,58.02
103.8,262.22,67.20,57.22
90.4,259.55,66.05,58.51
104.2,262.22,66.91,57.93
105.9,259.55,65.80,58.07
102.9,262.22,67.77,59.32
103.6,259.55,67.19,59.72
109.0,262.22,63.91,57.22
87.9,259.55,68.05,59.41
107.0,262.22,65.02,58.02
89.8,259.56,66.49,58.66
104.4,262.23,66.77,57.81
105.4,259.56,66.06,58.65
89.6,262.23,66.74,57.73
105.7,259.56,65.88,58.26
104.2,262.23,66.92,58.91
104.4,259.56,66.71,58.88
105.6,262.23,66.05,58.06
87.0,259.56,68.60,58.93
108.0,262.23,64.55,58.94
106.3,259.56,65.51,57.72
101.4,262.23,68.80,58.79
105.7,259.56,65.80,58.84
105.1,262.23,66.31,59.61
90.3,259.56,66.15,58.96
105.6,262.25,66.05,58.87
90.0,259.58,66.32,58.72
119.7,262.25,66.57,58.24
88.7,259.58,67.32,59.73
105.5,262.25,66.08,58.69
104.5,259.58,66.67,59.21
106.0,262.25,65.75,58.54
97.9,259.58,71.09,60.51
97.3,262.25,71.39,64.19
117.2,259.58,68.01,63.40
103.4,262.25,67.31,61.13
102.0,259.58,68.20,61.81
123.4,262.25,64.42,58.67
92.4,259.58,64.59,58.16
108.5,262.25,64.22,58.76
108.9,259.58,63.86,57.70
109.7,262.25,63.43,57.79
91.2,259.58,65.44,58.53
103.1,262.25,67.63,58.37
106.2,259.58,65.55,58.63
108.2,262.25,64.31,57.23
88.9,259.58,67.13,59.17
104.7,262.25,66.61,58.51
101.9,259.58,78.27,64.94
56.1,262.25,142.30,136.41
106.7,259.58,65.35,60.08
121.5,262.25,65.58,60.29
106.4,259.58,65.55,60.04
102.5,262.25,68.08,62.04
105.9,259.58,65.86,59.49
108.8,262.25,73.24,66.93
96.2,259.58,72.40,65.60
106.0,262.25,65.82,59.92
108.9,259.58,63.92,57.75
106.6,262.25,65.43,59.79
108.3,259.58,64.25,57.14
94.6,262.25,63.12,57.41
108.1,259.58,64.45,58.82
108.1,262.25,64.36,58.61
106.9,259.58,65.12,59.07
106.9,262.25,65.24,59.99
108.6,259.58,64.11,58.19
107.4,262.25,64.84,58.81
107.3,259.58,64.96,59.56
107.2,262.25,64.93,57.26
110.0,259.59,63.32,57.47
109.2,262.27,63.69,57.23
105.9,259.59,65.73,57.82
91.0,262.27,65.58,58.17
104.7,259.59,66.60,58.92
106.1,262.27,65.55,57.84
91.6,259.59,65.13,57.12
99.2,262.27,70.34,59.03
108.2,259.59,64.42,58.13
105.3,262.27,66.10,58.15
104.1,259.59,66.91,57.07
91.2,262.27,65.47,57.62
104.9,259.59,66.47,57.90
104.2,262.27,66.80,58.31
90.0,259.59,66.35,57.52
105.9,262.27,65.74,57.71
103.4,259.59,67.41,56.91
104.5,262.27,66.68,58.67
106.5,259.59,65.44,57.65
105.5,262.27,65.99,57.68
90.2,259.59,66.18,56.45
104.3,262.27,66.75,58.27
19.4,246.59,664.01,28.50
103.7,257.05,86.32,72.65
102.3,256.84,77.84,66.50
114.3,260.94,78.54,70.06
101.1,258.28,69.00,63.81
99.9,260.97,69.84,63.02
104.1,258.28,67.00,59.71
104.8,261.23,66.38,59.96
119.0,258.55,66.97,59.21
103.5,261.48,67.22,60.40
119.1,259.05,66.80,58.96
104.9,263.09,66.37,59.71
90.9,260.41,65.63,58.66
104.6,263.09,66.59,59.65
114.5,260.41,78.19,71.01
103.6,263.09,67.19,60.66
101.9,260.41,68.47,62.20
107.1,263.09,64.97,58.27
113.5,260.42,70.14,62.04
92.2,263.11,64.69,57.38
120.0,260.42,66.27,59.66
92.8,263.11,64.26,57.55
104.6,260.42,66.56,59.71
121.9,263.11,65.26,58.54
103.9,260.44,66.98,61.08
93.9,263.12,63.55,56.74
106.5,260.44,65.36,59.29
94.7,263.12,63.01,57.27
104.2,260.44,66.94,59.36
106.9,263.12,65.18,57.94
108.0,260.44,64.44,58.48
110.5,263.12,62.97,57.10
107.6,260.44,64.68,57.60
119.5,263.12,66.65,60.41
105.0,260.44,66.33,59.51
108.1,263.16,64.35,57.62
105.5,260.48,65.97,59.19
107.8,263.17,64.55,56.92
105.8,260.48,65.79,59.38
104.3,263.17,66.73,60.11
107.8,260.48,64.57,58.20
108.9,263.17,63.92,57.68
88.4,260.48,67.59,62.06
124.7,263.17,63.78,57.04
91.7,260.48,65.06,58.44
106.0,263.17,65.64,57.44
123.4,260.48,64.45,57.84
94.0,263.17,63.41,56.93
108.9,260.48,63.95,57.95
104.7,263.17,66.56,59.26
101.4,260.48,68.61,61.84
106.7,263.17,65.21,58.40
106.5,260.48,65.40,58.96
106.0,263.17,65.76,59.25
104.4,260.48,66.69,60.72
122.5,263.17,65.04,58.64
104.8,260.48,66.40,60.54
91.1,263.17,65.49,57.99
106.0,260.48,65.71,58.77
119.4,263.17,66.74,59.15
89.3,260.48,66.91,60.65
104.2,263.17,66.94,60.89
107.6,260.48,64.74,58.91
105.2,263.17,66.30,60.06
103.9,260.48,66.98,59.37
106.4,263.17,65.41,58.79
119.1,260.48,66.80,61.06
106.3,263.17,65.46,57.69
103.4,260.48,67.37,60.13
102.3,263.17,68.19,61.57
101.6,260.48,68.62,62.31
107.0,263.17,65.04,57.36
103.5,260.48,67.27,59.65
107.0,263.17,64.99,57.64
103.7,260.48,67.17,60.08
104.5,263.17,66.68,59.55
103.7,260.48,67.11,59.18
108.9,263.17,63.88,57.41
107.3,260.48,64.89,58.22
104.3,263.17,66.83,60.35
115.4,260.48,68.93,60.82
90.5,263.17,65.86,58.15
118.5,260.48,67.17,60.48
90.3,263.17,66.15,58.96
117.2,260.48,67.88,60.52
105.6,263.17,65.90,57.86
104.5,260.48,66.54,58.93
93.2,263.17,63.99,57.35
119.3,260.48,66.70,59.41
90.3,263.17,66.18,59.84
101.5,260.48,68.61,61.22
104.4,263.17,76.36,69.52
118.3,260.48,67.37,61.17
106.2,263.17,65.58,58.69
104.1,260.48,66.98,59.91
102.9,263.17,67.68,60.52
106.0,260.48,65.65,58.99
100.1,263.17,69.67,62.94
106.5,260.48,65.33,57.45
102.8,263.17,67.74,61.15
106.1,260.48,65.62,58.61
103.7,263.17,67.11,59.43
108.4,260.48,64.15,57.33
107.9,263.17,64.57,58.27
102.7,260.48,67.90,60.80
102.3,263.17,68.03,60.73
106.5,260.48,65.34,57.74
104.7,263.17,66.49,59.48
105.3,260.48,66.15,59.84
106.1,263.17,65.62,58.67
89.6,260.48,66.72,58.94
118.7,263.19,67.01,60.60
108.8,260.50,63.95,58.14
107.4,263.19,64.77,57.99
87.4,260.50,68.25,60.61
119.2,263.19,66.73,60.49
105.5,260.50,65.96,59.03
103.7,263.19,67.20,60.15
119.9,260.50,66.45,59.90
89.8,263.19,66.47,59.72
121.3,260.50,65.60,58.60
102.0,263.20,68.23,60.63
105.9,260.52,65.69,58.00
103.7,263.20,67.14,60.16
103.7,260.52,67.22,59.82
105.2,263.20,66.13,58.72
107.0,260.53,65.00,57.51
103.3,263.22,67.39,59.54
106.8,260.53,65.10,57.65
102.4,263.22,68.01,60.25
91.6,260.53,65.11,58.43
117.5,263.22,67.71,60.15
105.5,260.53,65.97,58.10
104.9,263.22,66.34,59.02
92.2,260.53,64.73,58.15
120.2,263.22,66.22,59.22
104.2,260.53,66.89,60.44
90.5,263.22,65.96,59.02
120.8,260.53,65.95,58.76
103.8,263.22,67.01,59.67
106.0,260.53,65.65,57.90
89.8,263.22,66.49,59.17
117.4,260.53,67.83,60.62
104.6,263.22,66.55,59.16
104.4,260.53,66.69,58.91
118.4,263.22,67.21,59.45
91.8,260.53,65.04,57.88
118.4,263.22,67.21,59.40
106.3,260.53,65.46,57.55
88.9,263.22,67.09,59.60
105.9,260.53,65.73,57.70
105.0,263.22,66.24,58.49
120.4,260.53,66.03,58.53
104.2,263.22,66.77,59.26
106.5,260.53,65.34,57.38
119.8,263.22,66.40,59.07
91.2,260.53,65.43,57.71
105.4,263.22,66.07,58.56
105.2,260.53,66.13,58.30
116.1,263.22,68.53,60.78
91.3,260.53,65.37,57.29
118.1,263.22,67.34,59.75
107.1,260.53,65.02,57.31
105.0,263.22,66.32,58.59
105.8,260.53,65.78,58.37
104.5,263.22,66.62,59.16
106.4,260.53,65.45,57.50
116.5,263.23,76.88,69.23
102.8,260.55,67.84,60.57
101.8,263.23,68.36,60.72
105.1,260.55,66.22,58.90
103.8,263.23,67.09,60.99
105.2,260.55,66.29,59.53
118.9,263.23,66.92,60.12
105.9,260.55,65.75,58.99
103.6,263.23,67.22,60.54
91.6,260.55,65.09,58.23
118.6,263.23,67.12,60.86
103.3,260.55,67.49,60.87
104.9,263.23,66.33,59.19
120.4,260.55,66.09,58.11
104.5,263.23,66.61,59.80
108.1,260.55,64.40,57.53
104.8,263.23,66.45,59.76
89.8,260.55,66.48,59.23
119.4,263.23,66.62,59.82
107.7,260.55,64.64,57.79
105.4,263.23,66.03,58.27
105.3,260.55,66.16,58.84
102.8,263.25,67.74,61.33
103.4,260.56,67.37,59.08
119.2,263.25,66.76,59.83
89.7,260.56,66.60,58.93
103.9,263.25,66.96,60.10
123.7,260.56,64.31,57.54
104.8,263.25,66.42,59.70
106.2,260.56,65.60,58.52
104.6,263.25,66.62,60.28
107.0,260.56,65.08,59.18
92.9,263.25,64.26,57.64
116.4,260.56,68.46,60.99
103.5,263.25,67.24,59.90
106.2,260.56,65.63,58.65
101.2,263.25,68.93,62.17
106.2,260.56,65.55,58.54
119.1,263.25,66.78,59.96
92.2,260.56,64.69,57.93
103.3,263.25,67.42,60.33
117.3,260.56,67.97,60.66
89.5,263.25,66.63,59.02
123.2,260.56,64.52,57.91
107.3,263.25,64.88,58.53
105.3,260.56,66.16,59.91
86.7,263.27,68.82,60.09
62.8,260.58,143.09,129.57
97.1,263.27,82.05,67.95
104.7,260.58,66.59,60.04
100.9,263.27,69.06,61.60
104.3,260.58,66.87,60.73
116.2,263.27,68.50,61.09
105.3,260.58,66.13,59.23
112.9,263.27,70.59,63.29
107.5,260.58,64.73,57.83
104.3,263.27,66.72,59.17
107.0,260.58,65.03,57.56
105.2,263.27,66.16,58.99
106.8,260.58,65.21,58.48
104.5,263.27,66.67,60.28
104.1,260.59,66.93,60.44
118.7,263.28,66.98,60.35
109.4,260.59,63.62,57.77
90.1,263.28,66.21,58.69
102.2,260.59,68.11,61.16
101.9,263.28,68.40,61.80
123.0,260.59,64.71,57.71
100.3,263.28,69.50,62.19
106.5,260.59,65.35,57.59
104.3,263.28,66.67,59.14
106.8,260.59,65.20,57.41
105.0,263.28,66.33,58.99
107.0,260.59,65.06,58.41
87.5,263.28,68.23,60.95
117.5,260.59,76.32,69.52
105.9,263.28,65.78,58.73
99.4,260.59,70.16,63.41
104.8,263.28,66.41,59.57
118.4,260.59,67.20,61.38
104.4,263.28,66.63,59.74
105.8,260.61,65.77,59.77
92.0,263.30,64.83,58.36
116.1,260.61,68.62,62.21
91.4,263.30,65.25,58.54
118.8,260.61,67.00,59.98
106.7,263.30,65.24,58.51
104.2,260.61,66.85,59.82
106.7,263.30,65.23,58.39
118.0,260.61,67.45,60.42
91.2,263.30,65.41,58.33
119.0,260.61,66.86,59.99
106.5,263.30,65.39,58.69
104.3,260.61,66.77,60.02
91.9,263.30,64.95,58.22
103.8,260.61,67.04,59.68
116.6,263.30,68.23,59.14
102.9,260.61,67.64,59.62
92.6,263.30,64.42,57.40
118.0,260.61,67.40,59.70
106.0,263.30,65.63,57.69
88.2,260.61,67.64,60.31
104.2,263.30,66.93,59.92
120.2,260.61,66.16,59.49
108.2,263.30,64.35,57.25
90.3,260.61,66.13,58.75
107.0,263.30,65.03,58.69
103.7,260.61,67.17,60.30
122.6,263.30,64.85,59.01
105.9,260.61,65.77,58.86
104.9,263.30,66.37,60.59
90.4,260.61,66.05,59.63
104.0,263.30,67.08,60.86
103.3,260.61,67.42,60.66
120.6,263.30,66.01,58.93
86.5,260.61,69.11,61.52
109.1,263.30,63.78,57.43
122.6,260.61,64.93,57.83
103.6,263.30,67.30,60.16
104.0,260.61,66.92,60.55
103.6,263.30,67.19,60.57
102.1,260.61,68.26,60.68
91.7,263.30,65.05,57.66
105.4,260.61,66.00,58.90
106.3,263.30,65.46,57.96
116.6,260.61,68.18,61.32
91.4,263.30,65.20,57.66
119.6,260.61,66.45,59.38
92.2,263.30,64.68,57.96
118.4,260.61,67.20,60.26
91.6,263.30,65.12,58.39
104.7,260.61,66.51,60.53
122.2,263.30,65.12,58.57
102.7,260.61,67.92,61.63
107.3,263.30,64.84,58.99
104.3,260.61,66.71,59.76
106.6,263.30,65.32,59.56
106.2,260.61,65.58,59.07
105.2,263.30,66.30,61.06
106.6,260.61,65.37,58.87
116.8,263.30,68.19,61.13
104.1,260.61,66.92,61.36
105.4,263.30,66.13,59.98
106.2,260.61,65.59,59.02
104.8,263.30,66.52,59.50
103.5,260.61,67.22,60.79
92.9,263.30,64.24,58.04
133.5,260.61,67.15,60.97
91.7,263.31,65.08,57.69
79.3,260.62,87.86,69.56
71.4,263.31,139.77,121.15
103.1,260.62,67.55,60.30
105.3,263.31,66.16,59.26
106.5,260.62,65.33,58.58
105.2,263.31,66.16,59.40
121.3,260.62,65.57,58.65
104.7,263.31,66.49,59.55
93.0,260.62,64.10,58.07
107.9,263.31,64.45,57.64
106.2,260.62,65.57,58.11
119.7,263.31,66.45,59.55
106.8,260.62,65.18,58.29
106.1,263.31,65.59,58.99
105.2,260.64,66.16,58.50
104.4,263.33,66.65,59.79
119.5,260.64,66.71,60.24
103.5,263.33,67.23,59.57
106.8,260.64,65.13,57.54
102.7,263.58,67.82,59.45
106.3,260.89,65.45,58.04
100.9,263.58,69.00,59.50
103.4,260.89,67.46,59.63
121.1,263.58,65.65,58.18
91.1,260.89,65.47,57.57
104.8,263.58,66.45,58.84
106.7,260.89,65.27,57.49
104.5,263.58,66.65,59.05
121.2,260.89,65.39,57.81
104.9,263.58,66.35,58.97
105.2,260.89,66.18,58.25
102.6,263.58,67.88,60.12
106.6,260.89,65.26,57.34
104.0,263.58,66.94,59.63
120.9,260.89,65.59,57.76
104.9,263.58,66.30,58.75
107.5,260.89,64.75,57.73
106.5,263.58,65.30,59.09
104.3,260.89,66.82,59.41
105.1,263.58,66.18,59.22
121.6,260.89,65.42,58.30
105.4,263.58,66.05,59.49
104.5,260.89,66.62,59.70
102.6,263.58,67.82,60.84
107.4,260.89,64.80,57.91
104.7,263.58,66.44,59.01
120.8,260.89,65.85,58.96
104.9,263.58,66.38,60.02
104.2,260.89,66.92,60.55
119.1,263.58,66.83,60.10
91.4,260.89,65.26,58.35
119.1,263.58,66.77,59.82
106.9,260.89,65.14,58.26
103.2,263.58,67.49,60.72
107.4,260.89,64.83,58.04
119.3,263.58,66.73,60.41
105.1,260.89,66.35,59.82
104.6,263.58,66.58,59.73
105.7,260.89,65.87,58.93
104.0,263.59,66.98,60.37
106.4,260.91,65.43,58.52
119.2,263.59,66.81,60.22
121.1,260.91,65.81,60.27
91.5,263.59,65.28,58.75
117.6,260.91,67.75,61.47
103.2,263.59,67.47,60.66
107.0,260.91,65.02,58.13
117.2,263.59,67.91,61.29
91.8,260.91,64.95,58.11
117.7,263.59,67.58,59.80
106.2,260.92,65.54,58.88
101.6,263.61,68.61,62.21
121.4,260.92,65.56,58.61
105.2,263.61,66.17,59.52
106.1,260.92,65.60,58.76
105.7,263.61,65.87,59.23
105.2,260.92,66.14,59.27
105.7,263.61,75.31,68.38
109.5,260.92,72.65,65.01
101.9,263.61,68.36,61.58
117.0,260.92,68.13,60.75
102.8,263.61,67.70,60.01
106.0,260.92,65.65,57.70
103.9,263.61,66.99,59.07
106.1,260.92,65.62,57.74
104.7,263.61,66.49,58.76
120.6,260.92,65.94,57.60
88.8,263.61,67.18,59.03
108.3,260.92,64.27,57.33
103.2,263.61,67.54,60.03
108.0,260.92,64.44,57.50
120.7,263.61,65.87,59.06
107.3,260.92,64.85,57.95
103.1,263.61,67.53,60.80
106.8,260.92,65.20,58.29
104.0,263.61,66.93,59.91
116.1,260.92,68.51,58.79
103.8,263.61,67.05,60.00
106.5,260.92,65.33,57.71
120.2,263.61,65.98,59.32
92.1,260.92,64.76,58.04
121.7,263.62,65.34,58.70
105.1,260.94,66.21,59.24
99.0,263.62,70.32,60.62
107.5,260.94,64.75,57.75
103.3,263.62,67.36,60.39
107.2,260.94,64.89,57.83
106.9,263.62,65.10,58.51
119.8,260.94,66.41,59.40
104.9,263.62,66.37,59.63
105.8,260.94,65.77,58.57
103.3,263.62,67.35,60.37
122.4,260.94,64.99,58.17
88.6,263.62,67.36,60.62
119.9,260.94,66.35,58.89
104.6,263.62,66.53,59.93
106.9,260.95,65.11,58.15
120.0,263.64,66.27,59.49
107.3,260.95,64.88,58.11
88.8,263.64,67.18,60.49
120.4,260.95,66.06,59.22
103.4,263.64,67.36,60.57
106.6,260.95,65.28,58.44
115.9,263.64,68.56,61.76
90.4,260.95,65.96,58.76
121.7,263.64,65.36,58.99
105.5,260.95,66.00,58.85
104.6,263.64,66.56,59.79
105.1,260.95,66.20,58.24
110.4,263.64,72.05,61.35
107.2,260.95,64.98,57.97
117.4,263.64,67.74,60.46
91.8,260.95,65.00,58.01
107.1,263.64,64.99,58.20
107.1,260.95,65.00,57.68
103.7,263.64,67.15,59.69
124.7,260.95,63.78,57.69
108.3,263.64,64.24,58.36
102.8,260.95,67.70,59.90
103.6,263.64,67.23,60.86
103.6,260.95,67.31,59.76
102.1,263.64,68.17,61.10
121.3,260.95,65.58,57.52
105.2,263.64,66.16,58.55
104.5,260.95,66.62,58.50
103.2,263.64,67.45,59.20
122.9,260.95,64.66,57.28
103.0,263.64,67.56,59.64
106.0,260.95,65.64,57.66
105.8,263.64,65.75,58.13
90.6,260.95,65.86,57.75
119.4,263.64,66.62,58.74
105.8,260.95,65.80,58.21
94.3,263.64,73.87,66.13
118.8,260.95,75.38,68.31
104.2,263.64,66.74,58.91
104.6,260.95,66.48,58.77
106.9,263.64,65.10,57.37
89.9,260.95,66.35,58.45
123.0,263.64,64.64,57.22
88.3,260.95,67.53,59.75
107.9,263.64,64.48,57.93
106.2,260.95,65.57,58.67
104.1,263.64,66.96,59.70
117.2,260.95,67.88,60.14
91.3,263.64,65.26,57.38
89.3,260.95,66.81,59.39
121.6,263.64,65.49,58.68
106.3,260.95,65.50,58.53
102.8,263.64,67.86,61.55
91.1,260.95,65.57,58.98
124.4,263.64,63.93,57.42
92.1,260.95,64.83,58.74
108.3,263.64,64.41,58.23
106.8,260.95,65.25,58.43
108.7,263.64,64.13,58.79
91.9,260.95,64.91,57.73
109.4,263.64,63.66,56.60
106.3,260.95,65.57,58.53
105.0,263.64,66.28,58.79
118.3,260.95,67.24,59.32
107.6,263.64,64.71,57.37
102.9,260.95,67.67,59.93
91.8,263.64,65.02,57.19
104.4,260.95,66.66,58.94
105.8,263.64,65.71,58.15
104.4,260.97,66.70,59.16
121.7,263.66,65.39,57.78
88.8,260.97,67.23,59.20
108.3,263.66,64.24,57.59
105.1,260.97,66.21,58.92
106.7,263.66,65.26,57.57
105.2,260.97,66.25,59.70
107.4,263.66,64.93,59.60
105.7,260.97,65.88,59.21
105.0,263.66,66.30,59.57
104.0,260.97,66.97,61.09
108.0,263.66,64.54,59.37
106.4,260.97,65.36,58.09
104.1,263.66,67.00,58.78
102.0,260.97,68.31,60.75
104.1,263.66,67.01,60.87
117.9,260.97,67.36,60.94
107.0,263.66,65.16,59.87
90.5,260.98,65.90,58.88
105.4,263.67,66.09,59.38
102.6,260.98,67.99,61.94
123.3,263.67,64.51,57.93
103.3,260.98,67.39,60.11
104.8,263.67,66.55,60.53
103.3,260.98,67.28,60.79
104.1,263.67,67.00,59.89
103.9,260.98,67.05,59.44
107.3,263.67,64.90,57.88
104.4,260.98,66.49,59.36
108.9,263.67,63.80,57.93
107.0,260.98,65.07,57.80
102.8,263.67,67.84,58.83
88.1,261.00,67.74,60.51
103.7,263.69,67.11,58.93
120.1,261.00,66.03,59.55
104.2,263.69,66.91,59.76
102.7,261.00,67.58,59.07
109.1,263.69,63.80,57.30
105.9,261.00,65.73,58.62
104.7,263.69,66.50,59.89
103.2,261.00,67.48,59.46
107.3,263.69,64.86,57.50
102.7,261.00,67.81,59.55
105.9,263.69,65.74,58.08
102.6,261.00,77.61,68.71
118.4,263.69,67.28,60.09
103.1,261.00,67.49,60.99
104.4,263.69,66.72,59.71
114.8,261.00,69.41,62.14
105.2,263.69,66.19,59.09
101.6,261.00,68.64,61.19
92.7,263.69,64.33,57.20
118.4,261.00,67.18,59.97
114.7,263.69,34.62,28.73
93.0,261.00,64.18,58.33
107.0,263.69,65.07,58.26
102.6,261.00,67.95,61.62
107.7,263.69,64.65,57.98
104.0,261.00,67.04,60.58
133.1,263.69,67.34,60.95
104.8,261.00,66.40,59.69
108.0,263.69,64.45,57.79
104.4,261.00,66.74,60.25
105.2,263.69,66.27,59.89
103.8,261.00,67.11,60.25
119.9,263.69,66.35,59.62
103.7,261.00,67.14,60.37
109.0,263.69,63.83,58.02
106.2,261.00,65.52,58.38
105.1,263.69,66.27,59.78
101.8,261.00,68.46,62.17
106.6,263.69,65.34,58.56
103.7,261.00,67.15,60.20
104.9,263.69,66.38,59.62
118.7,261.00,67.02,60.14
91.2,263.69,65.38,58.68
119.8,261.00,66.47,60.67
107.5,263.69,64.81,59.37
107.9,261.00,64.58,58.75
91.2,263.69,65.53,59.32
130.3,261.00,68.74,62.02
105.4,263.69,66.05,59.58
102.9,261.00,67.73,61.34
103.5,263.69,67.36,61.09
102.4,261.00,67.96,60.97
107.7,263.69,64.65,58.00
108.3,261.00,73.50,63.28
117.6,263.69,67.66,59.25
101.8,261.00,68.52,61.82
103.3,263.69,67.42,61.56
116.6,261.00,68.40,62.34
102.5,263.69,68.11,62.85
102.8,261.00,67.90,61.22
105.0,263.69,66.34,59.21
102.9,261.00,67.66,60.21
107.3,263.69,74.26,63.76
102.3,261.00,68.18,62.72
114.0,263.69,69.94,64.33
107.3,261.00,74.31,66.94
105.9,263.69,65.73,58.85