CPU_Percent,RAM_MB,Total_Latency_ms,Inference_Latency_ms
119.8,201.16,692.90,178.29
317.7,217.30,304.81,288.47
369.7,218.02,226.79,215.68
365.5,218.02,226.71,216.12
369.3,218.02,221.58,211.35
375.7,218.02,228.47,209.94
364.0,218.02,213.90,193.71
373.0,218.03,219.50,210.37
372.5,218.03,219.81,209.43
368.9,218.03,216.56,205.49
370.9,218.31,250.34,240.87
370.4,218.31,207.52,197.73
373.3,218.31,213.96,205.83
369.8,218.31,216.09,204.70
370.1,218.31,223.98,214.79
368.0,218.33,208.84,197.18
377.5,218.33,214.23,204.50
365.1,218.33,202.30,192.29
373.7,218.33,221.66,210.84
376.1,218.33,209.70,200.27
368.3,218.33,219.54,209.89
369.9,218.33,210.47,201.07
374.9,218.33,215.69,206.13
372.3,218.33,214.48,204.68
372.8,218.33,211.53,201.49
371.6,218.33,217.62,208.08
375.4,218.33,212.72,205.68
370.5,218.33,231.74,222.41
374.7,218.33,205.13,195.46
369.4,218.33,221.11,205.66
366.5,218.33,212.48,203.10
370.1,218.33,215.80,206.35
350.3,218.33,250.94,239.78
372.9,218.33,216.88,207.00
368.7,218.33,203.04,192.30
353.7,218.33,234.32,226.29
373.2,218.33,216.72,206.69
372.3,218.33,222.59,212.51
368.2,218.33,219.59,210.35
373.4,218.33,221.89,212.30
374.3,218.33,213.34,203.74
369.0,218.33,208.23,197.10
369.5,218.33,218.84,205.59
372.4,218.33,211.80,202.24
365.1,218.33,213.27,201.68
370.2,218.33,218.42,203.91
372.7,218.33,216.94,206.34
368.8,218.33,211.15,200.34
376.4,218.33,212.18,202.66
370.4,218.33,215.59,206.93
371.4,218.33,220.33,210.20
370.4,218.33,218.28,208.01
368.9,218.33,211.10,199.56
369.8,218.33,221.41,210.51
371.2,218.33,215.17,205.66
374.2,218.33,229.48,219.00
370.0,218.33,213.14,203.74
372.2,218.33,209.19,198.58
370.3,218.33,207.55,196.90
373.3,218.33,213.92,202.89
369.9,218.33,213.22,203.66
376.0,218.33,217.74,207.96
368.0,218.33,206.17,195.20
364.8,218.33,218.91,204.54
372.2,218.33,211.91,197.13
372.0,218.33,203.96,194.59
374.4,218.33,218.64,207.36
368.7,218.33,224.70,215.14
369.2,218.33,227.16,212.05
372.4,218.33,211.80,200.64
365.5,218.33,218.50,208.47
369.7,218.33,213.31,203.00
370.3,218.33,204.85,198.07
375.8,218.33,215.19,207.60
370.0,218.33,215.98,205.89
377.6,218.33,206.33,199.40
373.2,218.33,211.21,201.25
366.3,218.33,226.12,219.25
365.7,218.33,223.99,215.87
372.2,218.33,222.79,217.07
370.2,218.33,215.86,209.66
371.7,218.33,217.71,211.54
371.7,218.33,209.59,202.24
372.0,218.33,222.88,215.90
375.9,218.33,220.43,213.74
365.7,218.33,218.54,211.82
374.0,218.33,213.37,203.76
377.0,218.33,217.28,211.22
374.9,218.33,210.49,203.53
365.2,218.33,218.82,209.63
371.7,218.33,209.58,203.40
370.9,218.33,212.79,205.91
376.1,218.33,209.47,202.75
371.4,218.33,217.74,210.99
371.4,218.33,212.48,205.82
370.0,218.33,199.76,190.20
370.2,218.33,207.80,198.82
367.9,218.33,217.19,203.88
368.6,218.33,205.64,195.74
370.3,218.33,199.44,189.37
374.0,218.33,208.16,199.28
367.4,218.33,214.27,203.27
375.9,218.33,201.83,192.23
371.2,218.33,215.14,205.78
368.9,218.33,213.74,204.19
370.1,218.33,210.39,202.48
371.1,218.33,215.20,204.88
368.4,218.33,208.67,198.10
368.3,218.33,211.38,201.82
375.7,218.33,212.63,206.33
368.9,218.33,222.02,215.51
372.1,218.33,209.40,203.12
373.4,218.33,216.72,208.09
373.8,218.33,213.79,200.60
370.9,218.33,204.71,198.18
371.5,218.33,207.01,198.60
378.6,218.33,208.31,202.48
376.6,218.33,217.50,212.37
371.8,218.33,217.17,209.56
371.9,218.33,228.27,221.03
378.4,218.33,218.93,211.67
364.2,218.33,208.44,201.47
368.0,218.33,211.72,205.02
371.6,218.33,212.37,207.10
368.2,218.33,211.61,206.15
380.4,218.33,220.59,214.13
369.4,218.33,208.23,202.13
375.1,218.33,218.37,212.60
366.1,218.33,229.14,223.06
374.2,218.33,218.77,212.72
374.7,218.33,215.94,209.00
365.2,218.33,207.90,200.27
377.8,218.33,222.10,216.29
373.8,218.33,216.45,210.50
368.4,218.33,216.95,209.62
373.6,218.33,211.21,205.21
367.0,218.33,209.58,202.55
372.5,218.33,209.19,202.45
360.8,218.33,227.04,221.68
375.5,218.33,218.19,211.78
375.0,218.33,223.75,216.82
372.3,218.33,211.93,206.24
364.9,218.33,229.92,223.16
373.4,218.33,219.29,212.09
368.2,218.33,217.03,207.37
377.8,218.33,216.70,200.41
367.8,218.33,198.14,188.74
374.2,218.33,224.19,211.24
370.2,218.33,207.74,198.95
367.6,218.33,211.81,200.85
373.1,218.33,227.44,217.71
379.3,218.33,213.18,200.96
369.2,218.33,216.31,205.35
372.9,218.33,216.84,203.75
367.1,218.33,212.14,202.19
370.5,218.33,215.54,205.18
373.1,218.33,211.34,203.47
368.0,218.33,208.89,199.54
374.2,218.33,221.51,205.92
375.9,218.33,204.54,195.66
368.2,218.33,211.47,199.45
364.9,218.33,218.90,204.28
370.5,218.33,204.77,194.46
370.4,218.33,215.69,203.95
372.4,218.33,214.53,201.55
285.6,218.33,290.44,281.39
320.2,218.33,299.52,281.91
312.2,218.33,294.27,285.48
374.2,218.33,208.12,201.60
326.3,218.33,272.52,257.91
318.2,218.33,282.52,275.02
352.4,218.33,232.38,223.89
373.1,218.33,208.87,201.85
363.9,218.33,216.86,207.68
377.3,218.33,198.55,192.34
369.9,218.33,213.36,207.24
370.2,218.33,215.89,210.18
375.0,218.33,223.74,216.58
369.9,218.34,218.78,210.90
372.6,218.34,209.11,203.28
371.3,218.34,209.85,203.91
373.2,218.34,227.55,219.10
370.6,218.34,220.98,212.03
373.5,218.34,208.52,200.66
368.0,218.34,206.29,200.32
368.2,218.34,225.19,213.75
376.1,218.34,209.85,202.63
369.4,218.34,216.32,209.03
370.6,218.34,202.17,194.59
374.2,218.34,205.58,199.19
374.7,218.34,213.28,207.01
367.2,218.34,212.20,206.03
370.1,218.34,207.83,202.53
373.3,218.34,211.40,206.00
373.9,218.34,211.08,204.25
372.2,218.34,209.37,204.40
361.4,218.34,221.15,213.03
372.3,218.34,206.64,200.88
376.8,218.34,206.79,200.97
361.0,218.34,226.90,219.90
371.4,218.34,201.69,193.13
370.4,218.34,213.00,204.50
373.3,218.34,203.27,194.46
363.9,218.36,222.35,215.22
376.9,218.36,214.71,206.39
371.5,218.36,209.75,203.91
368.9,218.36,219.36,213.46
378.3,218.36,232.37,224.92
366.9,218.36,220.55,212.33
346.7,218.36,282.42,276.10
334.0,218.36,296.15,288.04
329.0,218.36,267.25,259.41
360.1,218.36,230.27,224.31
331.1,218.36,289.68,281.83
328.3,218.36,279.93,271.17
335.0,218.36,310.19,303.86
321.9,218.36,288.53,282.79
332.0,218.36,297.92,290.78
374.4,218.36,218.79,212.25
363.7,218.36,225.21,218.48
336.6,218.36,311.55,302.87
367.0,218.36,223.13,217.42
378.6,218.36,224.31,218.00
373.7,218.36,219.20,212.91
369.4,218.36,224.46,217.96
373.8,218.36,208.49,203.55
370.3,218.36,207.74,200.35
369.4,218.36,216.34,208.41
371.5,218.36,217.67,212.11
370.7,218.36,202.10,196.48
365.6,218.36,218.57,211.32
375.1,218.36,212.97,206.93
367.9,218.36,211.78,202.69
372.9,218.36,214.33,207.56
375.8,218.36,209.98,202.25
362.7,218.36,223.13,216.36
373.9,218.36,208.39,202.04
371.3,218.36,211.36,204.64
370.0,218.36,212.75,203.16
373.4,218.36,200.65,191.15
368.6,218.36,208.66,201.90
368.1,218.36,211.70,204.04
373.3,218.36,214.08,208.31
377.5,218.36,206.38,200.46
367.5,218.36,203.84,197.52
368.2,218.36,222.47,215.81
375.3,218.36,210.30,204.13
369.4,218.36,213.66,207.94
371.2,218.36,209.88,202.65
370.9,218.36,215.47,207.69
376.7,218.36,212.17,206.29
375.2,218.36,218.33,212.05
370.2,218.36,221.31,215.50
370.1,218.36,215.92,210.06
371.9,218.36,220.29,210.47
376.2,218.36,209.73,200.60
369.3,218.36,205.56,198.92
376.1,218.36,209.81,197.89
373.3,218.36,203.37,197.54
370.0,218.36,216.01,209.55
374.6,218.36,218.68,212.17
273.1,218.36,347.65,341.51
323.9,218.36,246.69,232.86
373.6,218.36,216.57,208.83
368.2,218.36,214.35,208.57
373.8,218.36,211.16,205.40
371.0,218.36,223.48,214.46
371.7,218.36,209.63,201.71
373.1,218.36,216.85,206.32
373.2,218.36,219.42,213.41
372.9,218.36,235.74,229.30
369.2,218.36,219.19,213.59
372.7,218.36,225.14,219.25
377.3,218.36,240.98,234.36
362.2,218.36,237.20,230.83
372.4,218.36,214.59,203.58
375.5,218.36,212.83,206.96
374.1,218.36,226.99,210.81
373.1,218.36,206.02,196.29
375.4,218.36,215.42,201.92
373.2,218.36,211.30,198.56
368.7,218.36,222.04,212.05
372.5,218.36,211.69,199.61
375.3,218.36,212.78,202.74
370.6,218.36,218.20,208.75
376.4,218.36,209.54,202.77
370.4,218.36,221.03,211.54
367.9,218.36,219.77,207.70
371.2,218.36,204.44,198.15
382.1,218.36,222.21,216.49
364.1,218.36,216.73,210.07
368.6,218.36,208.65,200.12
373.8,218.36,205.77,198.67
374.6,218.36,216.03,209.99
369.8,218.36,213.42,207.29
372.1,218.36,217.47,210.65
371.3,218.36,215.28,209.98
375.6,218.36,215.47,208.82
367.4,218.36,214.77,207.44
367.8,218.36,206.30,200.06
367.3,218.36,212.03,204.94
376.3,218.36,207.02,200.89
369.7,218.36,205.32,199.88
369.1,218.36,219.18,211.73
369.0,218.36,216.55,210.77
353.2,218.36,237.58,231.34
373.4,218.36,214.04,207.45
376.3,218.36,212.38,205.17
349.7,218.36,239.97,231.88
368.0,218.36,219.85,213.07
377.9,218.36,214.13,206.36
369.6,218.36,202.70,195.39
367.0,218.36,201.39,194.20
375.7,218.36,212.63,206.59
369.2,218.36,205.52,199.02
370.8,218.36,207.46,200.68
372.6,218.36,206.42,199.11
370.7,218.36,215.60,209.92
366.8,218.36,223.33,217.38
378.5,218.36,205.87,200.17
369.3,218.36,210.97,204.60
370.2,218.36,207.80,200.49
375.6,218.36,210.11,202.68
371.3,218.36,212.56,206.69
371.0,218.36,207.31,202.01
371.3,218.36,207.13,200.54
373.0,218.36,216.92,205.59
368.5,218.36,206.02,198.71
374.0,218.36,224.34,214.90
372.5,218.36,209.04,197.93
375.5,218.36,202.17,194.58
366.6,218.38,209.78,203.02
375.6,218.38,204.76,196.96
373.3,218.38,211.32,202.60
376.8,218.38,209.43,203.11
370.7,218.38,212.91,206.28
369.1,218.38,211.11,204.33
371.8,218.38,220.35,213.52
369.5,218.38,210.85,205.02
371.9,218.38,217.58,210.73
373.0,218.38,203.53,197.04
370.3,218.38,218.47,209.63
370.1,218.38,220.85,214.58
372.5,218.38,206.48,199.95
365.1,218.38,199.71,193.54
371.8,218.38,214.93,209.03
371.5,218.38,212.39,205.81
372.6,218.38,206.33,200.05
376.0,218.38,215.23,209.01
371.3,218.38,212.56,206.87
369.6,218.38,202.69,196.77
369.6,218.38,208.07,199.06
374.3,218.38,208.12,199.87
369.3,218.38,213.72,197.48
374.6,218.38,199.98,192.12
375.2,218.38,210.29,201.43
374.5,218.38,223.97,217.44
374.5,218.38,224.07,218.01
373.4,218.38,221.95,214.09
371.8,218.38,225.70,219.23
372.3,218.38,233.45,226.99
374.5,218.38,248.08,238.84
352.3,218.38,263.72,247.99
262.1,218.38,457.49,435.56
305.0,218.38,347.23,338.17
339.5,218.38,264.88,259.24
369.4,218.38,224.47,218.46
372.7,218.38,222.43,216.41
370.8,218.38,220.80,214.15
372.3,218.38,219.96,210.02
375.9,218.38,217.78,207.28
371.3,218.38,212.39,201.77
367.7,218.38,228.07,218.36
376.0,218.38,217.73,204.29
368.1,218.38,203.38,187.90
370.5,218.38,218.26,208.63
374.3,218.38,226.72,219.15
369.9,218.38,221.29,211.42
375.5,218.38,212.65,203.08
373.8,218.38,226.99,217.49
367.5,218.38,220.05,210.74
377.0,218.38,227.76,218.01
370.2,218.38,207.62,197.77
373.1,218.38,214.07,204.72
370.3,218.38,215.66,203.45
374.1,218.38,216.14,205.04
371.9,218.38,214.77,205.95
372.4,218.38,211.92,205.77
369.8,218.38,213.39,206.54
373.3,218.38,211.42,204.15
371.6,218.38,217.79,208.80
377.1,218.38,211.94,206.90
374.7,218.38,215.95,209.16
373.8,218.38,213.78,203.79
374.8,218.38,215.88,209.95
376.3,218.38,214.99,208.01
369.5,218.38,205.48,198.26
375.5,218.38,210.19,204.36
373.4,218.38,227.44,219.85
368.5,218.38,227.67,219.12
376.0,218.38,212.36,205.64
375.5,218.38,210.16,202.39
368.0,218.38,214.47,205.60
379.3,218.38,210.71,203.55
371.4,218.38,239.37,233.16
366.0,218.38,222.85,216.16
372.9,218.38,214.17,207.79
374.0,218.38,216.38,209.06
371.2,218.38,223.38,216.56
375.5,218.38,228.80,223.18
366.9,218.38,217.82,212.08
378.2,218.38,208.64,201.94
369.4,218.38,205.50,199.43
374.9,218.38,223.82,218.08
372.9,218.38,214.31,208.51
370.9,218.38,210.10,204.10
380.4,218.38,215.33,209.49
372.6,218.38,222.55,217.19
363.0,218.38,231.21,225.11
372.8,218.38,219.73,214.69
377.9,218.38,214.12,207.38
371.8,218.38,223.05,216.95
374.0,218.38,229.72,221.46
367.2,218.38,228.51,222.68
379.1,218.38,223.99,215.45
373.8,218.38,224.54,217.58
374.3,218.38,237.55,229.89
369.9,218.38,234.98,228.30
372.4,218.38,236.09,229.27
373.1,218.38,216.88,207.68
374.6,218.38,208.01,201.77
372.7,218.38,222.49,216.71
373.4,218.38,227.42,222.31
378.5,218.38,219.06,213.33
372.6,218.38,230.60,219.96
372.0,218.38,236.26,231.08
368.2,218.38,238.77,231.49
375.3,218.38,212.94,203.82
370.9,218.38,207.38,199.88
375.4,218.38,212.89,207.66
371.1,218.38,209.97,204.58
376.0,218.38,231.15,224.46
371.1,218.38,220.74,213.24
372.1,218.38,209.33,203.80
370.4,218.38,218.44,213.44
378.0,218.38,222.00,216.22
364.3,218.38,227.60,221.37
371.0,218.38,210.04,201.51
375.4,218.38,223.51,217.53
373.7,218.38,219.18,212.91
369.0,218.38,211.09,204.59
370.6,218.38,215.62,208.11
376.8,218.38,220.07,213.07
368.2,218.38,233.37,226.34
370.3,218.38,232.00,225.80
362.7,218.38,206.52,196.55
379.5,218.38,210.47,200.56
369.0,218.38,205.70,199.41
372.4,218.39,233.31,226.19
373.9,218.39,229.64,224.15
375.4,218.39,234.13,226.68
377.0,218.39,233.22,226.99
373.0,218.39,233.00,226.16
367.8,218.39,222.74,215.17
373.4,218.39,219.37,214.03
377.5,218.39,240.84,234.80
374.5,218.39,232.05,226.24
366.2,218.39,218.26,204.94
370.6,218.39,207.56,201.11
376.7,218.39,217.48,211.67
372.1,218.39,222.62,216.06
370.3,218.39,223.94,216.10
376.0,218.39,233.82,227.25
372.4,218.39,222.63,215.63
374.4,218.39,218.79,212.53
372.5,218.39,230.63,224.83
374.0,218.39,221.73,214.51
375.3,218.39,223.61,216.14
368.6,218.39,214.09,207.47
373.1,218.39,206.16,199.70
374.1,218.39,227.01,220.26
370.4,218.39,215.77,210.11
369.2,218.39,219.13,212.61
379.5,218.39,215.71,210.15
375.0,218.39,218.42,211.97
369.6,218.39,221.57,214.80
343.8,218.39,266.75,259.89
371.7,218.39,217.71,211.67
376.0,218.39,220.56,212.87
373.6,218.39,219.30,212.13
366.2,218.39,218.26,210.99
374.4,218.39,221.46,214.85
373.9,218.39,224.41,217.82
373.4,218.39,208.69,203.01
367.2,218.39,214.90,207.22
374.9,218.39,213.13,206.95
374.5,218.39,218.66,212.38
374.2,218.39,221.60,215.09
367.6,218.39,222.86,213.63
359.5,218.39,233.40,224.97
374.9,218.39,205.15,197.44
366.5,218.39,231.73,220.38
373.1,218.39,211.54,205.69
373.7,218.39,205.77,199.38
371.9,218.39,220.19,211.87
369.9,218.39,218.71,200.39
367.3,218.39,201.26,195.19
377.0,218.39,214.68,206.18
365.3,218.39,221.52,214.82
376.1,218.39,231.14,225.93
375.8,218.39,228.64,221.85
372.7,218.39,217.11,208.44
374.4,218.39,221.42,216.24
372.0,218.39,220.08,214.22
373.5,218.39,221.98,216.03
369.6,218.39,210.82,201.58
376.2,218.39,204.50,199.17
372.5,218.39,219.87,207.25
373.2,218.39,214.02,208.15
373.3,218.39,208.72,202.90
370.0,218.39,207.88,201.85
373.4,218.39,216.74,207.94
366.0,218.39,207.38,200.76
375.3,218.39,210.14,203.17
368.2,218.39,214.35,207.95
377.1,218.39,196.02,190.06
368.7,218.39,216.75,209.90
372.0,218.39,209.43,202.44
371.9,218.39,204.07,197.15
369.5,218.39,202.75,197.06
367.2,218.39,204.01,196.73
373.5,218.39,211.24,203.78
375.1,218.39,207.67,200.93
377.7,218.39,208.91,202.32
363.5,218.39,214.37,207.07
374.1,218.39,213.63,204.75
368.0,218.39,214.44,207.27
373.7,218.39,205.83,197.78
371.6,218.39,212.36,205.86
376.5,218.39,217.59,211.89
371.7,218.39,214.99,208.82
372.1,218.39,220.18,215.05
372.3,218.39,219.64,214.03
366.5,218.39,215.30,209.89
375.3,218.39,212.95,207.49
364.5,218.39,208.27,199.59
372.3,218.39,209.30,204.11
364.8,218.39,221.78,216.00
367.1,218.39,214.77,207.69
372.5,218.39,198.12,189.80
374.8,218.39,210.54,204.52
366.9,218.39,209.65,203.43
375.6,218.39,207.45,201.35
369.5,218.39,210.89,204.09
372.3,218.39,201.23,193.14
377.4,218.39,224.96,218.06
367.8,218.39,211.88,206.58
373.9,218.39,203.05,196.75
368.3,218.39,206.09,197.08
372.6,218.39,217.10,210.09
375.7,218.39,226.04,219.45
373.7,218.39,216.57,207.88
373.9,218.39,219.09,213.63
372.8,218.39,225.07,217.34
371.2,218.39,218.02,213.06
373.7,218.39,216.52,210.70
367.4,218.39,217.55,211.19
376.6,218.39,212.21,206.26
370.5,218.39,212.97,207.15
369.7,218.39,218.81,212.10
372.1,218.39,220.11,213.98
373.2,218.39,219.46,213.93
372.7,218.39,214.45,208.34
368.3,218.39,216.92,211.00
372.2,218.39,222.65,216.07
377.2,218.39,233.06,226.47
376.1,218.39,217.83,210.81
368.9,218.39,213.92,207.64
355.1,218.39,264.49,258.50
360.8,218.39,238.13,231.08
376.6,218.39,209.55,203.39
367.3,218.39,220.30,211.85
366.7,218.39,217.93,209.04
374.8,218.39,215.79,209.77
376.0,218.39,212.54,207.25
373.4,218.39,203.30,196.00
369.5,218.41,216.30,211.01
371.8,218.41,217.62,211.13
373.5,218.41,219.30,212.65
373.2,218.41,211.46,205.07
372.4,218.41,217.23,211.28
371.5,218.41,212.39,204.15
370.1,218.41,224.04,216.55
370.5,218.41,218.38,212.55
377.3,218.41,217.11,211.47
367.8,218.41,222.71,215.79
371.8,218.41,223.02,216.34
374.3,218.41,210.88,201.37
374.5,218.41,218.77,212.48
369.3,218.41,205.59,200.37
370.1,218.41,207.82,200.66
369.5,218.41,216.30,208.29
374.4,218.41,208.11,202.85
376.5,218.41,206.95,200.10
365.2,218.41,207.85,200.44
372.7,218.41,209.05,201.98
374.8,218.41,215.92,209.29
366.4,218.41,212.64,202.95
376.4,218.41,209.68,201.39
369.4,218.41,213.65,207.38
371.8,218.41,220.22,213.34
368.8,218.41,213.87,204.35
372.6,218.41,227.90,221.21
376.4,218.41,212.32,205.19
375.1,218.41,221.04,215.13
366.0,218.41,215.62,208.73
374.6,218.41,221.11,213.21
372.6,218.41,211.79,205.53
376.3,218.41,217.70,211.83
371.7,218.41,223.04,215.73
367.9,218.41,214.44,208.65
376.9,218.41,217.35,210.46
373.7,218.41,219.19,209.76
374.8,218.41,199.80,193.18
370.0,218.41,221.40,215.52
373.0,218.41,224.95,218.28
377.4,218.41,217.01,210.43
369.5,218.41,205.43,199.11
376.4,218.41,225.45,219.74
372.7,218.41,214.44,208.64
371.4,218.41,220.39,214.23
371.7,218.41,225.79,219.14
372.4,218.41,211.91,206.36
373.3,218.41,222.11,216.33
376.9,218.41,209.38,202.54
374.9,218.41,210.48,203.93
367.5,218.41,212.01,205.66
373.6,218.41,208.56,202.25
371.5,218.41,207.06,201.49
370.1,218.41,210.54,201.70
376.8,218.41,209.44,202.56
368.4,218.41,214.22,208.15
375.5,218.41,207.46,194.96
377.6,218.41,208.90,201.92
370.3,218.41,207.71,200.71
374.5,218.41,208.09,201.73
372.9,218.41,219.68,214.03
367.4,218.41,214.72,206.96
371.6,218.41,212.39,206.48
371.6,218.41,206.98,201.59
370.1,218.41,226.75,221.51
375.9,218.41,220.56,215.40
374.6,218.41,229.33,223.97
368.9,218.41,222.08,216.30
368.7,218.41,227.59,218.56
377.2,218.41,211.88,206.13
377.5,218.41,211.64,205.69
371.9,218.41,212.09,204.35
374.7,218.41,215.95,206.95
371.0,218.41,207.34,198.03
372.0,218.41,209.43,203.73
368.5,218.41,216.77,210.39
374.8,218.41,215.77,208.53
372.2,218.41,211.98,206.14
361.5,218.41,212.81,206.80
372.6,218.41,203.76,198.69
374.0,218.41,216.36,211.32
373.0,218.41,214.26,208.36
368.9,218.41,205.80,198.40
371.2,218.41,215.31,209.00
375.8,218.41,212.64,206.93
371.1,218.41,207.27,201.37
369.5,218.41,205.45,195.43
370.5,218.41,204.90,198.58
376.9,218.41,209.37,202.99
368.8,218.41,213.92,206.65
373.4,218.41,200.52,194.06
368.5,218.41,211.39,205.34
374.8,218.41,205.24,198.47
369.7,218.41,205.38,199.73
366.4,218.41,201.69,196.52
377.7,218.41,214.12,207.67
367.9,218.41,209.10,203.40
377.6,218.41,203.71,197.96
370.2,218.41,210.49,204.58
374.5,218.41,213.37,206.93
372.9,218.41,214.34,207.81
376.1,218.41,215.12,207.98
373.6,218.41,211.23,200.96
375.8,218.41,209.90,202.81
374.3,218.41,210.81,198.93
368.8,218.41,211.27,205.48
371.3,218.41,212.56,206.38
374.1,218.41,205.59,198.99
367.1,218.41,206.80,201.02
378.3,218.41,224.45,217.34
371.9,218.41,201.43,196.41
367.5,218.41,217.48,210.30
375.7,218.41,199.38,192.08
370.1,218.41,215.84,206.50
368.9,218.41,202.97,196.81
370.6,218.41,221.02,210.21
368.8,218.41,203.15,195.16
380.3,218.41,228.58,221.49
369.5,218.41,229.82,223.31
370.3,218.41,207.70,199.86
375.6,218.41,226.10,220.26
375.7,218.41,215.37,208.79
374.2,218.41,221.57,214.17
374.4,218.41,226.74,219.52
371.3,218.41,226.00,218.47
369.3,218.41,232.64,224.59
374.5,218.41,226.75,218.00
371.8,218.42,239.17,233.31
374.5,218.42,208.06,200.08
375.2,218.42,218.36,212.07
369.4,218.42,224.49,216.93
372.6,218.42,219.81,212.64
348.1,218.42,252.46,246.16
379.0,218.42,231.93,225.93
371.5,218.42,228.61,222.16
370.5,218.42,218.41,208.13
367.1,218.42,215.00,208.64
373.9,218.42,219.06,212.76
372.4,218.42,219.99,214.18
373.2,218.42,219.51,211.68
374.3,218.42,218.83,210.50
371.6,218.42,215.09,209.23
374.1,218.42,213.63,206.70
375.8,218.42,220.64,214.79
370.1,218.42,218.64,212.94
370.2,218.42,218.55,211.60
373.3,218.42,208.74,199.39
370.3,218.42,229.32,223.22
372.5,218.42,209.18,200.96
370.5,218.42,218.35,212.87
375.8,218.42,215.22,208.38
376.1,218.42,209.84,203.90
365.0,218.42,213.19,207.53
368.6,218.42,208.72,203.14
374.3,218.42,210.81,203.14
375.7,218.42,212.69,201.62
369.6,218.42,205.39,199.28
376.4,218.42,212.34,206.62
368.0,218.42,208.98,203.53
368.2,218.42,214.26,206.58
369.6,218.42,202.71,196.39
378.0,218.42,208.76,201.86
374.7,218.42,207.97,200.47
264.7,218.42,419.19,411.31
373.4,218.42,214.06,206.94
374.4,218.42,205.45,198.30
373.9,218.42,208.32,199.07
365.8,218.42,221.09,214.99
374.1,218.42,208.27,200.80
373.3,218.42,208.72,202.39
371.8,218.42,212.28,206.28
378.4,218.42,208.55,201.10
367.8,218.42,225.43,218.68
370.9,218.42,226.24,218.82
374.4,218.42,210.80,203.58
374.1,218.42,213.63,204.48
378.4,218.42,205.92,198.44
363.0,218.42,214.68,207.52
376.8,218.42,214.73,209.40
375.3,218.42,210.31,204.25
370.2,218.42,215.87,209.17
371.2,218.42,201.77,195.36
370.0,218.42,218.56,212.09
374.4,218.42,208.10,201.80
369.9,218.42,213.36,207.47
373.3,218.42,238.16,231.47
372.7,218.42,227.81,220.24
374.8,218.42,234.59,228.87
375.5,218.42,231.49,225.76
370.4,218.42,229.26,223.42
369.7,218.42,221.55,216.11
377.8,218.42,227.31,221.06
372.4,218.42,225.35,218.53
371.7,218.42,217.70,211.38
374.9,218.42,226.48,220.21
368.5,218.42,219.56,213.84
378.4,218.42,211.17,204.25
372.7,218.42,219.77,210.26
371.4,218.42,217.90,211.29
377.1,218.42,222.48,215.93
369.2,218.42,208.26,199.66
371.6,218.42,209.70,201.47
374.4,218.42,226.84,218.33
372.8,218.42,227.76,221.57
375.5,218.42,220.82,215.11
372.1,218.42,222.85,216.82
374.3,218.42,221.51,215.21
378.3,218.42,208.60,202.41
369.1,218.42,216.50,210.53
367.9,218.42,209.08,202.24
377.7,218.42,208.99,203.22
371.9,218.42,198.78,191.33
373.7,218.42,213.86,206.88
375.2,218.42,215.64,207.81
370.1,218.42,207.85,202.06
366.9,218.42,231.38,221.65
369.5,218.42,205.32,195.06
375.1,218.42,250.25,240.13
371.1,218.42,217.90,208.40
373.7,218.42,219.04,209.09
374.4,218.42,232.00,222.45
296.9,218.42,349.28,338.80
279.6,218.42,410.95,400.05
301.4,218.42,338.06,323.52
338.5,218.42,256.63,243.59
370.0,218.42,210.43,200.48
378.1,218.42,211.26,195.12
377.0,218.42,209.16,199.57
375.0,218.42,223.63,213.92
373.8,218.42,224.36,215.15
366.5,218.42,217.85,207.95
375.5,218.42,223.32,213.13
376.0,218.42,223.01,213.69
371.3,218.42,220.44,210.57
372.5,218.42,227.87,218.60
373.8,218.42,227.06,217.47
371.9,218.42,220.14,203.29
372.0,218.42,198.54,186.60
372.3,218.42,209.15,199.06
372.4,218.42,227.89,218.68
379.6,218.42,215.59,205.76
369.5,218.42,216.11,205.65
368.2,218.42,222.34,211.28
374.5,218.42,223.92,214.46
371.9,218.42,214.73,205.01
372.0,218.42,230.82,221.01
376.3,218.42,222.88,213.56
368.7,218.42,222.05,212.82
377.7,218.42,208.78,199.54
372.0,218.42,206.64,195.16
370.3,218.42,226.51,210.85
370.8,218.42,207.32,195.53
371.5,218.42,220.34,209.83
373.6,218.44,243.17,232.53
374.1,218.44,242.91,233.68
373.2,218.44,200.62,190.01
376.2,218.44,249.48,239.26
369.6,218.44,256.66,245.08
374.4,218.44,213.28,202.93
375.7,218.44,212.59,202.24
372.0,218.44,212.02,199.16
363.0,218.44,222.74,212.34
372.4,218.44,246.64,236.92
372.7,218.44,206.27,190.42
372.0,218.44,209.39,200.69
370.3,218.44,210.34,196.28
374.8,218.44,215.86,205.44
377.1,218.44,206.48,196.21
362.3,218.44,206.61,195.56
376.5,218.44,217.45,207.40
369.4,218.44,205.37,196.93
370.9,218.44,215.37,205.07
374.4,218.44,205.28,195.20
373.4,218.44,213.87,203.77
376.1,218.44,220.28,210.49
364.4,218.44,227.35,215.40
378.6,218.44,224.18,213.81
371.4,218.44,223.15,213.63
374.2,218.44,223.88,210.52
372.2,218.44,228.00,219.72
372.0,218.44,225.58,214.75
372.2,218.44,209.22,199.82
376.7,218.44,212.02,202.53
374.3,218.44,210.69,197.14
365.6,218.44,207.50,197.01
373.0,218.44,203.35,192.47
370.8,218.44,201.09,189.52
372.4,218.44,211.87,203.21
367.7,218.44,211.73,202.17
372.7,218.44,216.96,207.19
373.1,218.44,216.76,206.74
373.6,218.44,219.13,209.60
365.5,218.44,221.24,211.18
375.7,218.44,220.60,211.65
369.4,218.44,227.16,214.63
370.8,218.44,207.39,198.71
380.6,218.44,207.23,201.45
369.6,218.44,235.15,228.17
365.6,218.44,221.34,213.60
374.5,218.44,213.39,206.15
376.0,218.44,217.88,212.13
367.5,218.44,212.01,205.26
378.2,218.44,229.83,223.21
366.4,218.44,229.03,219.52
372.7,218.44,214.44,208.32
370.1,218.44,213.22,206.69
374.5,218.44,218.75,211.80
368.3,218.44,211.57,203.48
376.9,218.44,204.10,194.24
373.9,218.44,200.39,191.45
376.1,218.44,215.07,208.44
375.3,218.44,215.58,209.34
370.7,218.44,218.29,213.20
372.1,218.44,220.18,214.65
361.8,218.44,226.42,221.18
374.2,218.44,213.59,204.61
370.6,218.44,218.34,212.63
339.5,218.44,258.96,253.07
378.1,218.44,214.01,208.27
370.5,218.44,215.68,210.01
369.2,218.44,211.05,204.08
364.8,218.44,235.49,228.45
376.1,218.44,212.51,205.56
374.0,218.44,213.70,207.68
374.3,218.44,218.86,212.92
366.9,218.44,215.04,208.81
377.8,218.44,208.77,201.26
370.4,218.44,207.63,197.99
378.4,218.44,203.13,196.75
368.2,218.44,211.64,205.37
373.9,218.44,219.05,208.78
373.9,218.44,205.64,199.18
374.3,218.44,208.17,200.37
377.6,218.44,211.60,205.03
372.6,218.44,211.80,205.44
369.0,218.44,219.25,213.47
368.1,218.44,222.58,216.60
374.5,218.44,218.75,211.77
373.1,218.44,203.45,197.18
367.6,218.44,214.63,208.32
372.7,218.44,208.96,202.07
370.7,218.44,210.18,204.48
375.5,218.44,210.09,204.26
364.2,218.44,202.95,196.82
375.6,218.44,215.37,207.74
367.1,218.44,212.15,205.57
372.6,218.44,217.13,211.46
371.9,218.44,217.59,210.82
378.1,218.44,216.66,210.43
367.8,218.44,211.87,205.18
373.4,218.44,219.39,212.40
375.5,218.44,218.14,212.28
372.9,218.44,216.99,211.21
374.5,218.44,224.02,216.56
371.9,218.44,225.50,214.48
373.9,218.44,202.90,193.70
373.4,218.44,208.66,199.68
372.4,218.44,225.34,218.94
371.7,218.44,231.16,225.03
372.5,218.44,222.60,215.84
369.4,218.44,227.18,220.21
371.6,218.44,217.74,210.10
377.1,218.44,235.73,229.11
362.0,218.44,237.25,230.78
369.5,218.44,227.14,220.31
380.9,218.44,220.33,214.00
369.9,218.44,216.07,206.72
374.5,218.44,229.39,220.81
372.5,218.44,209.18,199.73
376.0,218.44,225.81,219.95
373.4,218.44,224.76,218.09
374.6,218.44,229.29,223.19
368.5,218.44,222.23,214.59
375.3,218.44,220.91,214.03
372.2,218.44,222.75,216.26
373.1,218.44,219.57,212.38
373.8,218.44,221.78,215.25
372.1,218.44,212.08,206.25
372.2,218.44,228.15,222.27
378.2,218.44,224.50,214.42
365.9,218.44,218.32,210.57
367.6,218.44,214.70,205.35
376.0,218.45,207.25,201.28
378.8,218.45,213.60,207.91
367.5,218.45,214.74,208.95
371.0,218.45,226.20,220.24
376.1,218.45,212.46,203.01
374.2,218.45,224.26,216.80
373.1,218.45,216.84,210.87
380.1,218.45,223.43,218.31
367.2,218.45,220.37,212.73
368.8,218.45,213.95,208.07
367.0,218.45,212.33,205.37
369.2,218.45,211.03,205.21
375.9,218.45,225.80,217.64
369.0,218.45,213.83,205.86
375.0,218.45,213.14,207.37
375.4,218.45,210.22,204.18
366.3,218.45,215.40,209.34
376.5,218.45,220.25,211.21
358.4,218.45,220.19,213.60
339.7,218.45,249.94,243.57
370.4,218.45,204.93,198.12
370.8,218.45,196.64,190.35
370.2,218.45,218.56,211.86
373.6,218.45,221.92,215.85
371.9,218.45,217.56,211.41
371.4,218.45,212.50,206.71
363.6,218.45,225.26,217.95
333.9,218.45,302.14,296.52
331.7,218.45,301.10,293.62
331.8,218.45,307.11,299.59
329.0,218.45,306.62,299.10